key,export,default,kind,default_source
AHRS_TRIM_X,0.004168944,0,calibration/identity,code(4.7.0 src)
AHRS_TRIM_Y,0.001064814,0,calibration/identity,code(4.7.0 src)
ARMING_RUDDER,0,2,config,code(4.7.0 src)
ATC_ACC_P_MAX,1469.394,1100,config,code(4.7.0 src)
ATC_ACC_R_MAX,1131.606,1100,config,code(4.7.0 src)
ATC_ACC_Y_MAX,763.7736,270,config,code(4.7.0 src)
ATC_ANGLE_MAX,45,30,config,code(4.7.0 src)
ATC_ANG_PIT_P,20.05561,4.5,config,sitl-4.7.0
ATC_ANG_RLL_P,16.54115,4.5,config,sitl-4.7.0
ATC_ANG_YAW_P,13.60845,4.5,config,sitl-4.7.0
ATC_RAT_PIT_D,0.003932775,0.0036,config,code(4.7.0 src)
ATC_RAT_PIT_FLTD,21,20,config,code(4.7.0 src)
ATC_RAT_PIT_FLTT,21,20,config,code(4.7.0 src)
ATC_RAT_PIT_I,0.06176964,0.135,config,code(4.7.0 src)
ATC_RAT_PIT_P,0.06176964,0.135,config,code(4.7.0 src)
ATC_RAT_PIT_SMAX,50,0,config,code(4.7.0 src)
ATC_RAT_RLL_D,0.003350064,0.0036,config,code(4.7.0 src)
ATC_RAT_RLL_FLTD,21,20,config,code(4.7.0 src)
ATC_RAT_RLL_FLTT,21,20,config,code(4.7.0 src)
ATC_RAT_RLL_I,0.06502037,0.135,config,code(4.7.0 src)
ATC_RAT_RLL_P,0.06502037,0.135,config,code(4.7.0 src)
ATC_RAT_RLL_SMAX,50,0,config,code(4.7.0 src)
ATC_RAT_YAW_D,0.03149521,0,config,code(4.7.0 src)
ATC_RAT_YAW_FLTD,21,20,config,code(4.7.0 src)
ATC_RAT_YAW_FLTE,1,2.5,config,code(4.7.0 src)
ATC_RAT_YAW_FLTT,21,20,config,code(4.7.0 src)
ATC_RAT_YAW_I,0.05446329,0.018,config,code(4.7.0 src)
ATC_RAT_YAW_P,0.5446329,0.18,config,code(4.7.0 src)
ATC_RAT_YAW_SMAX,50,0,config,code(4.7.0 src)
ATC_THR_MIX_MAX,0.9,0.5,config,code(4.7.0 src)
AUTOTUNE_AXES,0,1,config,code(4.7.0 src)
BARO1_DEVID,423425,0,calibration/identity,code(4.7.0 src)
BARO1_GND_PRESS,101854.8,0,calibration/identity,code(4.7.0 src)
BATT_ARM_VOLT,19.2,0,config,code(4.7.0 src)
BATT_CAPACITY,8000,3300,config,code(4.7.0 src)
BATT_CRT_MAH,250,0,config,code(4.7.0 src)
BATT_CRT_VOLT,18,0,config,code(4.7.0 src)
BATT_FS_CRT_ACT,1,0,config,code(4.7.0 src)
BATT_FS_LOW_ACT,1,0,config,code(4.7.0 src)
BATT_LOW_TIMER,0,10,config,code(4.7.0 src)
BATT_LOW_VOLT,18.6,10.5,config,code(4.7.0 src)
BATT_MONITOR,9,4,config,board
BRD_RTC_TZ_MIN,240,0,config,code(4.7.0 src)
BRD_SAFETY_MASK,16368,0,config,code(4.7.0 src)
COMPASS_DEC,-0.1613886,0,calibration/identity,code(4.7.0 src)
COMPASS_DEV_ID,658953,0,calibration/identity,code(4.7.0 src)
COMPASS_DIA_X,0.9816729,1,calibration/identity,code(4.7.0 src)
COMPASS_DIA_Y,0.9980292,1,calibration/identity,code(4.7.0 src)
COMPASS_DIA_Z,1.031415,1,calibration/identity,code(4.7.0 src)
COMPASS_EXTERN2,1,0,config,code(4.7.0 src)
COMPASS_EXTERNAL,1,0,config,code(4.7.0 src)
COMPASS_ODI_X,-0.00401965,0,calibration/identity,code(4.7.0 src)
COMPASS_ODI_Y,0.0365227,0,calibration/identity,code(4.7.0 src)
COMPASS_ODI_Z,0.02941244,0,calibration/identity,code(4.7.0 src)
COMPASS_OFS2_X,173.6031,0,calibration/identity,code(4.7.0 src)
COMPASS_OFS2_Y,-115.2469,0,calibration/identity,code(4.7.0 src)
COMPASS_OFS2_Z,-1.972043,0,calibration/identity,code(4.7.0 src)
COMPASS_OFS_X,-102.7058,0,calibration/identity,code(4.7.0 src)
COMPASS_OFS_Y,31.46312,0,calibration/identity,code(4.7.0 src)
COMPASS_OFS_Z,-24.97577,0,calibration/identity,code(4.7.0 src)
COMPASS_ORIENT,6,0,config,code(4.7.0 src)
COMPASS_ORIENT2,6,0,config,code(4.7.0 src)
COMPASS_PRIO1_ID,658953,0,calibration/identity,code(4.7.0 src)
COMPASS_SCALE,1.062919,0,calibration/identity,code(4.7.0 src)
COMPASS_SCALE2,0.8551114,0,calibration/identity,code(4.7.0 src)
COMPASS_USE2,0,1,config,code(4.7.0 src)
COMPASS_USE3,0,1,config,code(4.7.0 src)
EK3_GPS_VACC_MAX,0.15,0,config,code(4.7.0 src)
EK3_SRC2_POSXY,6,0,config,code(4.7.0 src)
EK3_SRC2_YAW,1,0,config,code(4.7.0 src)
EK3_SRC3_POSXY,3,0,config,code(4.7.0 src)
EK3_SRC3_VELXY,3,0,config,code(4.7.0 src)
EK3_SRC3_VELZ,3,0,config,code(4.7.0 src)
EK3_SRC3_YAW,1,0,config,code(4.7.0 src)
EK3_SRC_OPTIONS,8,0,config,code(4.7.0 src)
FENCE_ACTION,3,1,config,code(4.7.0 src)
FENCE_ALT_MAX,120,100,config,code(4.7.0 src)
FENCE_RADIUS,150,300,config,code(4.7.0 src)
FLTMODE1,5,0,config,code(4.7.0 src)
FLTMODE4,2,0,config,code(4.7.0 src)
FLTMODE_CH,6,5,config,code(4.7.0 src)
FORMAT_VERSION,120,0,config,code(4.7.0 src)
FRAME_CLASS,1,0,config,sitl-4.7.0
FS_GCS_ENABLE,1,0,config,code(4.7.0 src)
FS_THR_ENABLE,3,1,config,code(4.7.0 src)
GPS1_POS_X,-0.082,0,config,code(4.7.0 src)
GPS1_POS_Z,-0.125,0,config,code(4.7.0 src)
GPS1_TYPE,2,0,config,code(4.7.0 src)
GPS_AUTO_CONFIG,3,1,config,code(4.7.0 src)
INS_ACC1_CALTEMP,33.21256,-300,calibration/identity,code(4.7.0 src)
INS_ACC2OFFS_X,-0.001977467,0,calibration/identity,code(4.7.0 src)
INS_ACC2OFFS_Y,0.03473198,0,calibration/identity,code(4.7.0 src)
INS_ACC2OFFS_Z,-0.03578397,0,calibration/identity,code(4.7.0 src)
INS_ACC2SCAL_X,0.9977936,1,calibration/identity,code(4.7.0 src)
INS_ACC2SCAL_Y,0.99949,1,calibration/identity,code(4.7.0 src)
INS_ACC2SCAL_Z,1.000427,1,calibration/identity,code(4.7.0 src)
INS_ACC2_CALTEMP,32.72947,-300,calibration/identity,code(4.7.0 src)
INS_ACC2_ID,3408162,0,calibration/identity,code(4.7.0 src)
INS_ACCOFFS_X,-0.02739513,0,calibration/identity,code(4.7.0 src)
INS_ACCOFFS_Y,0.02238205,0,calibration/identity,code(4.7.0 src)
INS_ACCOFFS_Z,0.03065747,0,calibration/identity,code(4.7.0 src)
INS_ACCSCAL_X,0.998598,1,calibration/identity,code(4.7.0 src)
INS_ACCSCAL_Z,1.001394,1,calibration/identity,code(4.7.0 src)
INS_ACC_ID,3408138,0,calibration/identity,code(4.7.0 src)
INS_ENABLE_MASK,127,7,config,code(4.7.0 src)
INS_FAST_SAMPLE,5,3,config,board
INS_GYR1_CALTEMP,39.00966,-300,calibration/identity,code(4.7.0 src)
INS_GYR2OFFS_X,0.0006879437,0,calibration/identity,code(4.7.0 src)
INS_GYR2OFFS_Y,0.005271777,0,calibration/identity,code(4.7.0 src)
INS_GYR2OFFS_Z,-0.0001150376,0,calibration/identity,code(4.7.0 src)
INS_GYR2_CALTEMP,38.28503,-300,calibration/identity,code(4.7.0 src)
INS_GYR2_ID,3408162,0,calibration/identity,code(4.7.0 src)
INS_GYROFFS_X,-0.001336511,0,calibration/identity,code(4.7.0 src)
INS_GYROFFS_Y,-0.006242813,0,calibration/identity,code(4.7.0 src)
INS_GYROFFS_Z,-0.006629823,0,calibration/identity,code(4.7.0 src)
INS_GYRO_FILTER,42,20,config,code(4.7.0 src)
INS_GYR_ID,3408138,0,calibration/identity,code(4.7.0 src)
INS_HNTCH_BW,22,40,config,code(4.7.0 src)
INS_HNTCH_ENABLE,1,0,config,code(4.7.0 src)
INS_HNTCH_FREQ,58.8,80,config,code(4.7.0 src)
INS_HNTCH_HMNCS,1,3,config,code(4.7.0 src)
INS_HNTCH_MODE,3,1,config,code(4.7.0 src)
INS_HNTCH_OPTS,6,0,config,code(4.7.0 src)
INS_HNTCH_REF,1,0,config,code(4.7.0 src)
LOG_BITMASK,65535,180222,config,sitl-4.7.0
LOG_DISARMED,2,0,config,code(4.7.0 src)
LOG_FILE_DSRMROT,1,0,config,code(4.7.0 src)
LOG_REPLAY,1,0,config,code(4.7.0 src)
MAV1_EXTRA1,1,0,config,copter-#if
MAV1_EXTRA2,1,0,config,copter-#if
MAV1_EXTRA3,1,0,config,copter-#if
MAV1_EXT_STAT,1,0,config,copter-#if
MAV1_POSITION,1,0,config,copter-#if
MAV1_RAW_SENS,1,0,config,copter-#if
MAV1_RC_CHAN,1,0,config,copter-#if
MIS_TOTAL,1,0,config,code(4.7.0 src)
MOT_BAT_VOLT_MAX,24.6,0,config,code(4.7.0 src)
MOT_BAT_VOLT_MIN,16.8,0,config,code(4.7.0 src)
MOT_PWM_TYPE,6,0,config,code(4.7.0 src)
MOT_SPIN_ARM,0.04,0.1,config,code(4.7.0 src)
MOT_SPIN_MIN,0.05,0.15,config,code(4.7.0 src)
MOT_THST_HOVER,0.2357491,0.35,calibration/identity,code(4.7.0 src)
NTF_BUZZ_PIN,32,-1,config,code(4.7.0 src)
NTF_DISPLAY_TYPE,2,0,config,code(4.7.0 src)
NTF_LED_TYPES,33025,455,config,board
OSD1_ENABLE,1,0,config,code(4.7.0 src)
PILOT_SPD_DN,2.5,0,config,code(4.7.0 src)
PILOT_SPD_UP,10,2.5,config,code(4.7.0 src)
RC10_OPTION,90,0,config,code(4.7.0 src)
RC1_DZ,20,0,config,code(4.7.0 src)
RC1_MAX,2011,1900,config,code(4.7.0 src)
RC1_MIN,990,1100,config,code(4.7.0 src)
RC2_DZ,20,0,config,code(4.7.0 src)
RC2_MAX,2011,1900,config,code(4.7.0 src)
RC2_MIN,988,1100,config,code(4.7.0 src)
RC3_DZ,30,0,config,code(4.7.0 src)
RC3_MAX,2011,1900,config,code(4.7.0 src)
RC3_MIN,988,1100,config,code(4.7.0 src)
RC3_TRIM,988,1500,config,code(4.7.0 src)
RC4_DZ,20,0,config,code(4.7.0 src)
RC4_MAX,2011,1900,config,code(4.7.0 src)
RC4_MIN,988,1100,config,code(4.7.0 src)
RC5_MAX,2011,1900,config,code(4.7.0 src)
RC5_MIN,988,1100,config,code(4.7.0 src)
RC5_OPTION,153,0,config,code(4.7.0 src)
RC5_TRIM,988,1500,config,code(4.7.0 src)
RC6_MAX,2011,1900,config,code(4.7.0 src)
RC6_MIN,988,1100,config,code(4.7.0 src)
RC6_TRIM,988,1500,config,code(4.7.0 src)
RC7_MAX,2011,1900,config,code(4.7.0 src)
RC7_MIN,988,1100,config,code(4.7.0 src)
RC7_OPTION,18,0,config,code(4.7.0 src)
RC7_TRIM,2011,1500,config,code(4.7.0 src)
RC8_MAX,2011,1900,config,code(4.7.0 src)
RC8_MIN,988,1100,config,code(4.7.0 src)
RC8_OPTION,30,0,config,code(4.7.0 src)
RC8_TRIM,988,1500,config,code(4.7.0 src)
RC9_MAX,2011,1900,config,code(4.7.0 src)
RC9_MIN,988,1100,config,code(4.7.0 src)
RC9_OPTION,36,0,config,code(4.7.0 src)
RC9_TRIM,988,1500,config,code(4.7.0 src)
RELAY2_FUNCTION,1,0,config,code(4.7.0 src)
RELAY3_FUNCTION,1,0,config,code(4.7.0 src)
RELAY4_DEFAULT,0,1,config,board
RELAY4_FUNCTION,1,0,config,code(4.7.0 src)
RSSI_TYPE,5,0,config,code(4.7.0 src)
SCR_ENABLE,1,0,config,code(4.7.0 src)
SERIAL2_BAUD,115,57,config,code(4.7.0 src)
SERIAL3_BAUD,115,230,config,code(4.7.0 src)
SERIAL4_BAUD,1500,230,config,code(4.7.0 src)
SERIAL6_BAUD,460,57,config,code(4.7.0 src)
SERIAL6_PROTOCOL,2,23,config,board
SERIAL7_BAUD,115,57,config,code(4.7.0 src)
SERIAL7_PROTOCOL,-1,2,config,board
SERIAL8_BAUD,115,57,config,code(4.7.0 src)
SERIAL9_BAUD,460,57,config,code(4.7.0 src)
SERIAL9_PROTOCOL,2,-1,config,code(4.7.0 src)
SERVO1_FUNCTION,33,0,config,code(4.7.0 src)
SERVO1_MAX,2000,1900,config,code(4.7.0 src)
SERVO1_MIN,1000,1100,config,code(4.7.0 src)
SERVO1_TRIM,1000,1500,config,code(4.7.0 src)
SERVO2_FUNCTION,35,0,config,code(4.7.0 src)
SERVO2_MAX,2000,1900,config,code(4.7.0 src)
SERVO2_MIN,1000,1100,config,code(4.7.0 src)
SERVO2_TRIM,1000,1500,config,code(4.7.0 src)
SERVO3_FUNCTION,36,0,config,code(4.7.0 src)
SERVO3_MAX,2000,1900,config,code(4.7.0 src)
SERVO3_MIN,1000,1100,config,code(4.7.0 src)
SERVO3_TRIM,1000,1500,config,code(4.7.0 src)
SERVO4_FUNCTION,34,0,config,code(4.7.0 src)
SERVO4_MAX,2000,1900,config,code(4.7.0 src)
SERVO4_MIN,1000,1100,config,code(4.7.0 src)
SERVO4_TRIM,1000,1500,config,code(4.7.0 src)
SERVO_BLH_AUTO,1,0,config,code(4.7.0 src)
STAT_BOOTCNT,187,0,calibration/identity,code(4.7.0 src)
STAT_DISTFLWN,130.555,0,calibration/identity,code(4.7.0 src)
STAT_FLTCNT,2,0,calibration/identity,code(4.7.0 src)
STAT_FLTTIME,4879,0,calibration/identity,code(4.7.0 src)
STAT_RUNTIME,135117,0,calibration/identity,code(4.7.0 src)
VISO_DELAY_MS,100,10,config,code(4.7.0 src)
VISO_POS_X,0.072,0,config,code(4.7.0 src)
VISO_POS_Y,-0.0375,0,config,code(4.7.0 src)
VISO_POS_Z,-0.116,0,config,code(4.7.0 src)
VISO_TYPE,2,0,config,code(4.7.0 src)
